cache_misses,cache_load,cache_miss_ratio(%),dTLB_misses,dTLB_load,dTLB_miss_ratio(%),runtime(ms)
259.000000,48323.000000,0.54,11.000000,48409.000000,0.02,0.030000
242.000000,46763.000000,0.52,12.000000,46862.000000,0.03,0.030000
386.000000,48428.000000,0.80,19.000000,49916.000000,0.04,0.029000
509.000000,48574.000000,1.05,20.000000,49939.000000,0.04,0.027000
542.000000,48608.000000,1.12,16.000000,48411.000000,0.03,0.027000
539.000000,47060.000000,1.15,9.000000,46863.000000,0.02,0.030000
729.000000,48794.000000,1.49,16.000000,49934.000000,0.03,0.030000
690.000000,47211.000000,1.46,13.000000,46866.000000,0.03,0.030000
853.000000,48919.000000,1.74,10.000000,48410.000000,0.02,0.031000
1576.000000,49640.000000,3.17,22.000000,49930.000000,0.04,0.035000
1018.000000,49056.000000,2.08,14.000000,49911.000000,0.03,0.030000
1118.000000,49184.000000,2.27,15.000000,49934.000000,0.03,0.030000
1149.000000,49216.000000,2.33,16.000000,49937.000000,0.03,0.030000
1240.000000,49306.000000,2.51,16.000000,49937.000000,0.03,0.027000
1272.000000,49338.000000,2.58,9.000000,48408.000000,0.02,0.029000
1322.000000,49388.000000,2.68,18.000000,49930.000000,0.04,0.030000
1413.000000,49477.000000,2.86,15.000000,49934.000000,0.03,0.027000
1439.000000,49481.000000,2.91,15.000000,49901.000000,0.03,0.027000
1418.000000,49482.000000,2.87,17.000000,49936.000000,0.03,0.027000
1758.000000,49823.000000,3.53,20.000000,49911.000000,0.04,0.074000
1550.000000,49616.000000,3.12,14.000000,48414.000000,0.03,0.027000
1545.000000,49609.000000,3.11,14.000000,48411.000000,0.03,0.031000
1564.000000,49606.000000,3.15,10.000000,48387.000000,0.02,0.030000
1641.000000,49683.000000,3.30,12.000000,48388.000000,0.02,0.040000
1684.000000,49726.000000,3.39,18.000000,49915.000000,0.04,0.030000
1570.000000,48091.000000,3.26,10.000000,46864.000000,0.02,0.032000
1680.000000,49746.000000,3.38,18.000000,49928.000000,0.04,0.027000
1737.000000,49798.000000,3.49,16.000000,49931.000000,0.03,0.027000
1743.000000,49807.000000,3.50,15.000000,48414.000000,0.03,0.027000
1742.000000,49808.000000,3.50,16.000000,49926.000000,0.03,0.027000
1682.000000,48203.000000,3.49,11.000000,46853.000000,0.02,0.027000
1723.000000,48244.000000,3.57,11.000000,46866.000000,0.02,0.028000
1740.000000,48261.000000,3.61,13.000000,46853.000000,0.03,0.030000
1838.000000,49885.000000,3.68,13.000000,48392.000000,0.03,0.030000
1803.000000,49845.000000,3.62,16.000000,49913.000000,0.03,0.030000
1875.000000,49924.000000,3.76,12.000000,48386.000000,0.02,0.028000
1831.000000,49873.000000,3.67,13.000000,48383.000000,0.03,0.027000
1868.000000,49932.000000,3.74,14.000000,48407.000000,0.03,0.031000
1869.000000,49916.000000,3.74,11.000000,48392.000000,0.02,0.027000
1810.000000,48327.000000,3.75,11.000000,46867.000000,0.02,0.027000
1857.000000,49899.000000,3.72,11.000000,48371.000000,0.02,0.029000
1934.000000,49976.000000,3.87,20.000000,49917.000000,0.04,0.027000
1928.000000,49994.000000,3.86,13.000000,48413.000000,0.03,0.029000
1906.000000,49948.000000,3.82,16.000000,49919.000000,0.03,0.029000
1913.000000,49978.000000,3.83,15.000000,49934.000000,0.03,0.032000
1911.000000,49953.000000,3.83,15.000000,48380.000000,0.03,0.030000
1993.000000,50059.000000,3.98,13.000000,48408.000000,0.03,0.027000
1994.000000,50060.000000,3.98,11.000000,48412.000000,0.02,0.030000
1984.000000,50026.000000,3.97,14.000000,49915.000000,0.03,0.028000
1906.000000,48427.000000,3.94,11.000000,46866.000000,0.02,0.027000
2006.000000,50070.000000,4.01,15.000000,48415.000000,0.03,0.027000
1962.000000,50000.000000,3.92,12.000000,48383.000000,0.02,0.027000
2017.000000,50060.000000,4.03,16.000000,49920.000000,0.03,0.031000
2192.000000,48709.000000,4.50,38.000000,46874.000000,0.08,0.073000
2044.000000,48565.000000,4.21,15.000000,46871.000000,0.03,0.043000
2007.000000,50049.000000,4.01,16.000000,48391.000000,0.03,0.030000
2006.000000,50067.000000,4.01,18.000000,48417.000000,0.04,0.030000
1948.000000,48465.000000,4.02,14.000000,46868.000000,0.03,0.030000
2034.000000,50099.000000,4.06,14.000000,48412.000000,0.03,0.031000
1977.000000,48498.000000,4.08,12.000000,46861.000000,0.03,0.031000
1959.000000,48480.000000,4.04,13.000000,46867.000000,0.03,0.030000
1951.000000,48472.000000,4.03,13.000000,46868.000000,0.03,0.027000
2036.000000,50101.000000,4.06,20.000000,49940.000000,0.04,0.028000
2049.000000,50113.000000,4.09,15.000000,48413.000000,0.03,0.028000
2153.000000,50218.000000,4.29,20.000000,49941.000000,0.04,0.053000
2083.000000,50149.000000,4.15,14.000000,48399.000000,0.03,0.029000
2036.000000,50078.000000,4.07,15.000000,48392.000000,0.03,0.027000
2085.000000,50149.000000,4.16,9.000000,48407.000000,0.02,0.028000
2071.000000,50113.000000,4.13,24.000000,49921.000000,0.05,0.027000
2080.000000,50144.000000,4.15,18.000000,49936.000000,0.04,0.028000
1981.000000,48502.000000,4.08,11.000000,46866.000000,0.02,0.027000
2164.000000,50230.000000,4.31,15.000000,48415.000000,0.03,0.027000
2243.000000,50285.000000,4.46,24.000000,49919.000000,0.05,0.051000
2083.000000,50147.000000,4.15,13.000000,48409.000000,0.03,0.052000
1975.000000,48496.000000,4.07,12.000000,46854.000000,0.03,0.027000
2076.000000,50118.000000,4.14,15.000000,48382.000000,0.03,0.028000
2175.000000,50217.000000,4.33,12.000000,48383.000000,0.02,0.030000
2128.000000,50193.000000,4.24,22.000000,49936.000000,0.04,0.027000
2109.000000,50172.000000,4.20,17.000000,48416.000000,0.04,0.027000
3105.000000,52415.000000,5.92,209.000000,49853.000000,0.42,0.130000
2121.000000,50187.000000,4.23,11.000000,48405.000000,0.02,0.029000
2133.000000,50194.000000,4.25,13.000000,48409.000000,0.03,0.027000
2440.000000,50482.000000,4.83,30.000000,49927.000000,0.06,0.065000
2043.000000,48564.000000,4.21,15.000000,46871.000000,0.03,0.046000
2110.000000,50152.000000,4.21,17.000000,48393.000000,0.04,0.030000
2090.000000,50132.000000,4.17,14.000000,48379.000000,0.03,0.031000
2142.000000,50203.000000,4.27,21.000000,49941.000000,0.04,0.030000
2120.000000,50186.000000,4.22,11.000000,48405.000000,0.02,0.027000
2122.000000,50164.000000,4.23,16.000000,49920.000000,0.03,0.030000
2027.000000,48548.000000,4.18,14.000000,46869.000000,0.03,0.040000
2133.000000,50176.000000,4.25,12.000000,48388.000000,0.02,0.028000
2037.000000,48558.000000,4.19,11.000000,46857.000000,0.02,0.028000
2154.000000,50220.000000,4.29,16.000000,48416.000000,0.03,0.031000
2087.000000,48608.000000,4.29,13.000000,46871.000000,0.03,0.031000
2137.000000,50201.000000,4.26,17.000000,49936.000000,0.03,0.032000
2135.000000,50182.000000,4.25,15.000000,48397.000000,0.03,0.031000
2128.000000,50170.000000,4.24,12.000000,48388.000000,0.02,0.031000
2153.000000,50217.000000,4.29,16.000000,49924.000000,0.03,0.032000
2177.000000,50243.000000,4.33,21.000000,49942.000000,0.04,0.031000
2131.000000,50194.000000,4.25,13.000000,48409.000000,0.03,0.030000
2161.000000,50205.000000,4.30,15.000000,48393.000000,0.03,0.028000
2335.000000,50378.000000,4.63,39.000000,48400.000000,0.08,0.080000
2173.000000,50239.000000,4.33,18.000000,49939.000000,0.04,0.036000
2149.000000,50214.000000,4.28,15.000000,48415.000000,0.03,0.046000
2159.000000,50201.000000,4.30,14.000000,48384.000000,0.03,0.029000
2157.000000,50223.000000,4.29,21.000000,49936.000000,0.04,0.028000
2182.000000,50229.000000,4.34,19.000000,49917.000000,0.04,0.030000
2190.000000,50237.000000,4.36,16.000000,48391.000000,0.03,0.028000
2171.000000,50235.000000,4.32,15.000000,48408.000000,0.03,0.030000
2139.000000,50204.000000,4.26,12.000000,48406.000000,0.02,0.033000
2072.000000,48593.000000,4.26,12.000000,46867.000000,0.03,0.028000
2289.000000,48810.000000,4.69,124.000000,46980.000000,0.26,0.070000
2166.000000,50208.000000,4.31,21.000000,49909.000000,0.04,0.032000
2067.000000,48588.000000,4.25,14.000000,46869.000000,0.03,0.029000
2200.000000,50264.000000,4.38,16.000000,49930.000000,0.03,0.027000
2176.000000,50242.000000,4.33,21.000000,49942.000000,0.04,0.030000
2157.000000,50204.000000,4.30,24.000000,49915.000000,0.05,0.029000
2199.000000,50264.000000,4.37,15.000000,48414.000000,0.03,0.029000
2244.000000,50286.000000,4.46,12.000000,48372.000000,0.02,0.034000
2155.000000,50219.000000,4.29,11.000000,48409.000000,0.02,0.029000
2195.000000,50258.000000,4.37,17.000000,48413.000000,0.04,0.029000
2181.000000,50248.000000,4.34,16.000000,48417.000000,0.03,0.029000
2210.000000,50274.000000,4.40,16.000000,49930.000000,0.03,0.029000
2204.000000,50246.000000,4.39,20.000000,48396.000000,0.04,0.028000
2212.000000,50277.000000,4.40,15.000000,48413.000000,0.03,0.028000
2086.000000,48607.000000,4.29,16.000000,46871.000000,0.03,0.027000
2172.000000,50214.000000,4.33,14.000000,48390.000000,0.03,0.029000
2281.000000,50345.000000,4.53,21.000000,48395.000000,0.04,0.055000
2130.000000,48651.000000,4.38,17.000000,46872.000000,0.04,0.053000
2279.000000,50345.000000,4.53,27.000000,48422.000000,0.06,0.033000
2212.000000,50277.000000,4.40,12.000000,48406.000000,0.02,0.029000
2123.000000,48644.000000,4.36,12.000000,46862.000000,0.03,0.027000
2190.000000,50237.000000,4.36,20.000000,49927.000000,0.04,0.032000
2089.000000,48610.000000,4.30,12.000000,46867.000000,0.03,0.030000
2093.000000,48614.000000,4.31,12.000000,46862.000000,0.03,0.028000
2216.000000,50282.000000,4.41,20.000000,49941.000000,0.04,0.030000
2216.000000,50258.000000,4.41,19.000000,48396.000000,0.04,0.042000
2229.000000,50295.000000,4.43,20.000000,49941.000000,0.04,0.031000
2206.000000,50248.000000,4.39,12.000000,48387.000000,0.02,0.031000
2167.000000,50232.000000,4.31,15.000000,48414.000000,0.03,0.028000
2216.000000,50263.000000,4.41,19.000000,49925.000000,0.04,0.028000
2191.000000,50233.000000,4.36,12.000000,48388.000000,0.02,0.029000
2181.000000,50247.000000,4.34,16.000000,49936.000000,0.03,0.028000
2275.000000,50317.000000,4.52,18.000000,48385.000000,0.04,0.043000
2214.000000,50261.000000,4.41,15.000000,48395.000000,0.03,0.032000
2398.000000,50440.000000,4.75,44.000000,48423.000000,0.09,0.065000
2269.000000,50335.000000,4.51,18.000000,48418.000000,0.04,0.039000
2221.000000,50285.000000,4.42,20.000000,49940.000000,0.04,0.032000
2131.000000,48652.000000,4.38,16.000000,46871.000000,0.03,0.041000
2133.000000,48654.000000,4.38,18.000000,46858.000000,0.04,0.030000
2175.000000,50224.000000,4.33,14.000000,48391.000000,0.03,0.029000
2214.000000,50278.000000,4.40,21.000000,49940.000000,0.04,0.031000
2220.000000,50284.000000,4.41,12.000000,48410.000000,0.02,0.049000
2207.000000,50255.000000,4.39,17.000000,48393.000000,0.04,0.029000
2124.000000,48645.000000,4.37,13.000000,46868.000000,0.03,0.039000
2140.000000,48661.000000,4.40,17.000000,46861.000000,0.04,0.033000
2209.000000,50251.000000,4.40,17.000000,48393.000000,0.04,0.030000
2193.000000,50253.000000,4.36,12.000000,48401.000000,0.02,0.028000
2149.000000,48670.000000,4.42,16.000000,46871.000000,0.03,0.032000
2118.000000,48639.000000,4.35,14.000000,46858.000000,0.03,0.028000
2251.000000,50317.000000,4.47,16.000000,48416.000000,0.03,0.029000
2126.000000,48647.000000,4.37,16.000000,46872.000000,0.03,0.029000
2374.000000,50416.000000,4.71,35.000000,48414.000000,0.07,0.083000
2283.000000,50348.000000,4.53,19.000000,48417.000000,0.04,0.061000
2214.000000,50256.000000,4.41,16.000000,49914.000000,0.03,0.035000
2224.000000,50266.000000,4.42,13.000000,48389.000000,0.03,0.033000
2127.000000,48648.000000,4.37,13.000000,46868.000000,0.03,0.031000
2225.000000,50291.000000,4.42,20.000000,49941.000000,0.04,0.031000
2229.000000,50293.000000,4.43,18.000000,49937.000000,0.04,0.029000
2247.000000,50311.000000,4.47,21.000000,49935.000000,0.04,0.036000
2212.000000,50256.000000,4.40,17.000000,48395.000000,0.04,0.033000
2392.000000,50434.000000,4.74,86.000000,48463.000000,0.18,0.102000
2227.000000,50291.000000,4.43,21.000000,49931.000000,0.04,0.033000
2260.000000,50302.000000,4.49,17.000000,48393.000000,0.04,0.034000
2235.000000,50277.000000,4.45,14.000000,49911.000000,0.03,0.040000
2154.000000,48675.000000,4.43,13.000000,46863.000000,0.03,0.037000
2144.000000,48665.000000,4.41,15.000000,46857.000000,0.03,0.029000
2249.000000,50315.000000,4.47,14.000000,48401.000000,0.03,0.032000
2232.000000,50297.000000,4.44,17.000000,48415.000000,0.04,0.036000
2261.000000,50303.000000,4.49,17.000000,48397.000000,0.04,0.034000
2231.000000,50297.000000,4.44,16.000000,49937.000000,0.03,0.034000
2237.000000,50303.000000,4.45,16.000000,48416.000000,0.03,0.038000
2137.000000,48658.000000,4.39,15.000000,46870.000000,0.03,0.034000
2319.000000,50386.000000,4.60,33.000000,48434.000000,0.07,0.046000
2258.000000,50322.000000,4.49,30.000000,49940.000000,0.06,0.041000
2195.000000,48716.000000,4.51,22.000000,46876.000000,0.05,0.040000
2289.000000,50354.000000,4.55,22.000000,49951.000000,0.04,0.083000
2225.000000,48746.000000,4.56,15.000000,46870.000000,0.03,0.039000
2267.000000,50314.000000,4.51,19.000000,48399.000000,0.04,0.035000
2220.000000,50262.000000,4.42,22.000000,49919.000000,0.04,0.030000
2256.000000,50300.000000,4.49,17.000000,48379.000000,0.04,0.030000
2284.000000,50350.000000,4.54,24.000000,48423.000000,0.05,0.037000
2269.000000,50335.000000,4.51,25.000000,49940.000000,0.05,0.035000
2151.000000,48668.000000,4.42,12.000000,46858.000000,0.03,0.031000
2245.000000,50287.000000,4.46,18.000000,48389.000000,0.04,0.031000
2243.000000,50307.000000,4.46,20.000000,49939.000000,0.04,0.030000
2209.000000,48730.000000,4.53,55.000000,46909.000000,0.12,0.073000
2261.000000,50308.000000,4.49,18.000000,48400.000000,0.04,0.039000
2231.000000,50273.000000,4.44,16.000000,49913.000000,0.03,0.037000
2229.000000,50275.000000,4.43,11.000000,48385.000000,0.02,0.037000
2225.000000,50291.000000,4.42,23.000000,49944.000000,0.05,0.046000
2270.000000,50335.000000,4.51,18.000000,48408.000000,0.04,0.033000
2247.000000,50312.000000,4.47,18.000000,49943.000000,0.04,0.032000
2293.000000,50335.000000,4.56,18.000000,48378.000000,0.04,0.033000
2128.000000,48649.000000,4.37,12.000000,46862.000000,0.03,0.037000
2255.000000,50319.000000,4.48,18.000000,49924.000000,0.04,0.032000
2176.000000,48697.000000,4.47,11.000000,46853.000000,0.02,0.033000
2281.000000,50323.000000,4.53,27.000000,49913.000000,0.05,0.043000
2292.000000,50359.000000,4.55,32.000000,48434.000000,0.07,0.034000
2254.000000,50320.000000,4.48,17.000000,49938.000000,0.03,0.041000
2258.000000,50300.000000,4.49,16.000000,48393.000000,0.03,0.035000
2158.000000,48679.000000,4.43,17.000000,46871.000000,0.04,0.031000
2255.000000,50320.000000,4.48,19.000000,48417.000000,0.04,0.040000
2278.000000,50343.000000,4.52,17.000000,49937.000000,0.03,0.043000
2263.000000,50310.000000,4.50,15.000000,48390.000000,0.03,0.031000
2147.000000,48666.000000,4.41,11.000000,46861.000000,0.02,0.031000
2258.000000,50322.000000,4.49,14.000000,48413.000000,0.03,0.031000
2250.000000,50292.000000,4.47,17.000000,48393.000000,0.04,0.036000
2261.000000,50326.000000,4.49,18.000000,48412.000000,0.04,0.042000
2165.000000,48686.000000,4.45,15.000000,46869.000000,0.03,0.034000
2256.000000,50303.000000,4.48,20.000000,49925.000000,0.04,0.038000
2279.000000,50321.000000,4.53,14.000000,48390.000000,0.03,0.031000
2247.000000,50313.000000,4.47,15.000000,48414.000000,0.03,0.065000
2256.000000,50320.000000,4.48,19.000000,48418.000000,0.04,0.031000
2156.000000,48677.000000,4.43,14.000000,46869.000000,0.03,0.042000
2279.000000,50326.000000,4.53,20.000000,49921.000000,0.04,0.033000
2228.000000,50270.000000,4.43,15.000000,48391.000000,0.03,0.033000
2256.000000,50298.000000,4.49,17.000000,48377.000000,0.04,0.040000
2190.000000,48711.000000,4.50,25.000000,46875.000000,0.05,0.046000
2264.000000,50306.000000,4.50,24.000000,49922.000000,0.05,0.040000
2274.000000,48795.000000,4.66,32.000000,46887.000000,0.07,0.038000
2305.000000,50368.000000,4.58,23.000000,49932.000000,0.05,0.037000
2245.000000,50289.000000,4.46,16.000000,48394.000000,0.03,0.040000
2167.000000,48688.000000,4.45,16.000000,46871.000000,0.03,0.035000
2160.000000,48681.000000,4.44,14.000000,46864.000000,0.03,0.031000
2755.000000,50822.000000,5.42,281.000000,50182.000000,0.56,0.071000
2374.000000,48895.000000,4.86,87.000000,46926.000000,0.19,0.106000
2253.000000,50295.000000,4.48,14.000000,48379.000000,0.03,0.038000
2275.000000,50317.000000,4.52,19.000000,49916.000000,0.04,0.037000
2269.000000,50311.000000,4.51,18.000000,48383.000000,0.04,0.035000
2187.000000,48708.000000,4.49,17.000000,46867.000000,0.04,0.032000
2295.000000,50362.000000,4.56,20.000000,49941.000000,0.04,0.037000
2307.000000,50372.000000,4.58,23.000000,49943.000000,0.05,0.038000
2271.000000,50336.000000,4.51,28.000000,48427.000000,0.06,0.053000
2291.000000,50356.000000,4.55,15.000000,48415.000000,0.03,0.041000
2169.000000,48690.000000,4.45,16.000000,46871.000000,0.03,0.041000
2304.000000,50369.000000,4.57,28.000000,49948.000000,0.06,0.038000
2274.000000,50339.000000,4.52,22.000000,48420.000000,0.05,0.035000
2269.000000,50334.000000,4.51,19.000000,48413.000000,0.04,0.033000
2287.000000,50329.000000,4.54,16.000000,48392.000000,0.03,0.032000
2245.000000,50327.000000,4.46,14.000000,48419.000000,0.03,0.034000
2274.000000,48795.000000,4.66,36.000000,46895.000000,0.08,0.072000
2260.000000,50326.000000,4.49,16.000000,48416.000000,0.03,0.040000
2267.000000,50333.000000,4.50,16.000000,48416.000000,0.03,0.035000
2244.000000,50286.000000,4.46,15.000000,48391.000000,0.03,0.049000
2307.000000,50345.000000,4.58,21.000000,49911.000000,0.04,0.037000
2264.000000,50330.000000,4.50,19.000000,49940.000000,0.04,0.034000
2179.000000,48700.000000,4.47,14.000000,46869.000000,0.03,0.062000
2363.000000,50405.000000,4.69,63.000000,48439.000000,0.13,0.046000
2206.000000,48727.000000,4.53,29.000000,46884.000000,0.06,0.054000
2196.000000,48717.000000,4.51,14.000000,46869.000000,0.03,0.042000
2189.000000,48710.000000,4.49,14.000000,46869.000000,0.03,0.035000
2217.000000,48738.000000,4.55,13.000000,46868.000000,0.03,0.034000
2183.000000,48704.000000,4.48,19.000000,46873.000000,0.04,0.040000
2271.000000,50337.000000,4.51,18.000000,49934.000000,0.04,0.045000
2244.000000,48765.000000,4.60,17.000000,46871.000000,0.04,0.139000
2304.000000,50370.000000,4.57,21.000000,48405.000000,0.04,0.051000
2354.000000,50392.000000,4.67,18.000000,49909.000000,0.04,0.045000
2337.000000,50379.000000,4.64,29.000000,48400.000000,0.06,0.045000
2271.000000,50313.000000,4.51,17.000000,48394.000000,0.04,0.043000
2364.000000,50428.000000,4.69,53.000000,49956.000000,0.11,0.044000
2407.000000,50473.000000,4.77,81.000000,50002.000000,0.16,0.054000
2548.000000,49069.000000,5.19,145.000000,46984.000000,0.31,0.083000
2702.000000,50768.000000,5.32,179.000000,48552.000000,0.37,0.076000
2641.000000,50679.000000,5.21,181.000000,48535.000000,0.37,0.118000
2473.000000,48994.000000,5.05,128.000000,46967.000000,0.27,0.073000
3023.000000,51089.000000,5.92,326.000000,48697.000000,0.67,0.121000
3080.000000,51142.000000,6.02,337.000000,50250.000000,0.67,0.130000
2936.000000,51002.000000,5.76,299.000000,50219.000000,0.60,0.122000
2390.000000,48911.000000,4.89,138.000000,46991.000000,0.29,0.058000
4667.000000,52731.000000,8.85,1442.000000,49817.000000,2.89,0.116000
2572.000000,50635.000000,5.08,202.000000,48599.000000,0.42,0.061000
2878.000000,50943.000000,5.65,253.000000,50154.000000,0.50,0.141000
3155.000000,51197.000000,6.16,335.000000,48689.000000,0.69,0.140000
2966.000000,51006.000000,5.82,288.000000,48648.000000,0.59,0.137000
2787.000000,50852.000000,5.48,161.000000,50053.000000,0.32,0.123000
2464.000000,50506.000000,4.88,135.000000,48505.000000,0.28,0.071000
2540.000000,50582.000000,5.02,56.000000,48405.000000,0.12,0.084000
2452.000000,50516.000000,4.85,104.000000,48501.000000,0.21,0.083000
3213.000000,51277.000000,6.27,342.000000,50265.000000,0.68,0.135000
2742.000000,50786.000000,5.40,196.000000,48544.000000,0.40,0.132000
2363.000000,48884.000000,4.83,114.000000,46969.000000,0.24,0.063000
2621.000000,50663.000000,5.17,92.000000,49978.000000,0.18,0.105000
2461.000000,50527.000000,4.87,113.000000,50010.000000,0.23,0.083000
2581.000000,50645.000000,5.10,104.000000,48478.000000,0.21,0.189000
2491.000000,50529.000000,4.93,74.000000,48427.000000,0.15,0.133000
2313.000000,50379.000000,4.59,17.000000,48416.000000,0.04,0.048000
2328.000000,50395.000000,4.62,24.000000,48425.000000,0.05,0.050000
2347.000000,50413.000000,4.66,19.000000,48423.000000,0.04,0.050000
2907.000000,50972.000000,5.70,258.000000,48641.000000,0.53,0.132000
2496.000000,49013.000000,5.09,77.000000,46905.000000,0.16,0.094000
2284.000000,48805.000000,4.68,69.000000,46924.000000,0.15,0.052000
2285.000000,50327.000000,4.54,30.000000,48401.000000,0.06,0.050000
2310.000000,50352.000000,4.59,30.000000,48406.000000,0.06,0.049000
2789.000000,50854.000000,5.48,196.000000,50105.000000,0.39,0.129000
2596.000000,50663.000000,5.12,230.000000,50151.000000,0.46,0.068000
2465.000000,50531.000000,4.88,100.000000,50020.000000,0.20,0.058000
2854.000000,49375.000000,5.78,316.000000,47162.000000,0.67,0.129000
2442.000000,50480.000000,4.84,117.000000,48492.000000,0.24,0.058000
2785.000000,50823.000000,5.48,261.000000,48621.000000,0.54,0.117000
3654.000000,51720.000000,7.06,738.000000,50662.000000,1.46,0.174000
2615.000000,50680.000000,5.16,309.000000,50229.000000,0.62,0.068000
2783.000000,50849.000000,5.47,116.000000,48493.000000,0.24,0.110000
2925.000000,50967.000000,5.74,218.000000,48583.000000,0.45,0.117000
2414.000000,48935.000000,4.93,149.000000,47003.000000,0.32,0.061000
2512.000000,50554.000000,4.97,157.000000,48533.000000,0.32,0.120000
2480.000000,50547.000000,4.91,103.000000,50010.000000,0.21,0.050000
2359.000000,50423.000000,4.68,51.000000,49969.000000,0.10,0.048000
2434.000000,48955.000000,4.97,155.000000,47011.000000,0.33,0.073000
2404.000000,50446.000000,4.77,72.000000,48447.000000,0.15,0.069000
2397.000000,50478.000000,4.75,65.000000,50004.000000,0.13,0.043000
2334.000000,50383.000000,4.63,37.000000,48409.000000,0.08,0.038000
2370.000000,50435.000000,4.70,59.000000,49979.000000,0.12,0.041000
2378.000000,50444.000000,4.71,58.000000,49973.000000,0.12,0.039000
2395.000000,50438.000000,4.75,31.000000,48408.000000,0.06,0.037000
2795.000000,50833.000000,5.50,279.000000,48650.000000,0.57,0.082000
2279.000000,48800.000000,4.67,56.000000,46909.000000,0.12,0.048000
2394.000000,50460.000000,4.74,63.000000,49968.000000,0.13,0.043000
2614.000000,50680.000000,5.16,256.000000,50177.000000,0.51,0.058000
2447.000000,50513.000000,4.84,94.000000,50015.000000,0.19,0.048000
2432.000000,50496.000000,4.82,87.000000,50005.000000,0.17,0.045000
2552.000000,50594.000000,5.04,216.000000,48592.000000,0.44,0.060000
2389.000000,50431.000000,4.74,65.000000,49961.000000,0.13,0.047000
2375.000000,50417.000000,4.71,77.000000,48448.000000,0.16,0.045000
2341.000000,50383.000000,4.65,49.000000,48424.000000,0.10,0.040000
2374.000000,50416.000000,4.71,64.000000,48440.000000,0.13,0.040000
2353.000000,50417.000000,4.67,41.000000,49949.000000,0.08,0.039000
2267.000000,48788.000000,4.65,55.000000,46897.000000,0.12,0.049000
2546.000000,50588.000000,5.03,205.000000,50101.000000,0.41,0.066000
2446.000000,50510.000000,4.84,71.000000,48464.000000,0.15,0.060000
2320.000000,50386.000000,4.60,31.000000,48432.000000,0.06,0.054000
2484.000000,50548.000000,4.91,129.000000,50047.000000,0.26,0.049000
2428.000000,50470.000000,4.81,57.000000,48422.000000,0.12,0.042000
2272.000000,48793.000000,4.66,58.000000,46913.000000,0.12,0.041000
2368.000000,48889.000000,4.84,61.000000,46907.000000,0.13,0.066000
2561.000000,50626.000000,5.06,164.000000,48557.000000,0.34,0.059000
2391.000000,50458.000000,4.74,61.000000,49978.000000,0.12,0.050000
2367.000000,50433.000000,4.69,59.000000,49953.000000,0.12,0.045000
2297.000000,48818.000000,4.71,59.000000,46909.000000,0.13,0.041000
2375.000000,50439.000000,4.71,55.000000,49974.000000,0.11,0.042000
2267.000000,48788.000000,4.65,42.000000,46884.000000,0.09,0.038000
2466.000000,50530.000000,4.88,75.000000,48474.000000,0.15,0.053000
2271.000000,48792.000000,4.65,45.000000,46884.000000,0.10,0.042000
2413.000000,50479.000000,4.78,70.000000,49985.000000,0.14,0.043000
2441.000000,50506.000000,4.83,26.000000,49946.000000,0.05,0.048000
2318.000000,50384.000000,4.60,19.000000,48419.000000,0.04,0.041000
2198.000000,48719.000000,4.51,21.000000,46877.000000,0.04,0.043000
2651.000000,49172.000000,5.39,357.000000,47212.000000,0.76,0.061000
2336.000000,50401.000000,4.63,34.000000,49945.000000,0.07,0.048000
2330.000000,50372.000000,4.63,31.000000,48396.000000,0.06,0.052000
2452.000000,50519.000000,4.85,78.000000,49999.000000,0.16,0.056000
2338.000000,50405.000000,4.64,34.000000,49956.000000,0.07,0.042000
2240.000000,48761.000000,4.59,36.000000,46891.000000,0.08,0.041000
2337.000000,50379.000000,4.64,51.000000,48426.000000,0.11,0.045000
2335.000000,50400.000000,4.63,37.000000,49941.000000,0.07,0.049000
2340.000000,50382.000000,4.64,42.000000,48407.000000,0.09,0.048000
2400.000000,50464.000000,4.76,37.000000,48436.000000,0.08,0.042000
2337.000000,50403.000000,4.64,36.000000,48431.000000,0.07,0.043000
2274.000000,48795.000000,4.66,32.000000,46888.000000,0.07,0.049000
2378.000000,50442.000000,4.71,48.000000,49968.000000,0.10,0.041000
2474.000000,50540.000000,4.90,79.000000,48468.000000,0.16,0.052000
2430.000000,50494.000000,4.81,79.000000,49996.000000,0.16,0.055000
2249.000000,48770.000000,4.61,31.000000,46886.000000,0.07,0.047000
2372.000000,50438.000000,4.70,51.000000,48450.000000,0.11,0.044000
2397.000000,50462.000000,4.75,35.000000,48434.000000,0.07,0.048000
2293.000000,48814.000000,4.70,50.000000,46905.000000,0.11,0.050000
2680.000000,50722.000000,5.28,161.000000,48532.000000,0.33,0.114000
2534.000000,50576.000000,5.01,47.000000,48418.000000,0.10,0.049000
2367.000000,50433.000000,4.69,39.000000,49949.000000,0.08,0.046000
2362.000000,50428.000000,4.68,44.000000,49959.000000,0.09,0.046000
2336.000000,50378.000000,4.64,36.000000,48412.000000,0.07,0.045000
2255.000000,48776.000000,4.62,41.000000,46896.000000,0.09,0.049000
2272.000000,48793.000000,4.66,42.000000,46897.000000,0.09,0.047000
2353.000000,50395.000000,4.67,52.000000,49933.000000,0.10,0.047000
2344.000000,50386.000000,4.65,51.000000,48422.000000,0.11,0.047000
2374.000000,50455.000000,4.71,55.000000,49982.000000,0.11,0.044000
2319.000000,48840.000000,4.75,76.000000,46926.000000,0.16,0.060000
2363.000000,48884.000000,4.83,110.000000,46964.000000,0.23,0.058000
2250.000000,48771.000000,4.61,40.000000,46895.000000,0.09,0.050000
2378.000000,50442.000000,4.71,67.000000,49986.000000,0.13,0.054000
2467.000000,50516.000000,4.88,90.000000,48473.000000,0.19,0.054000
2439.000000,50503.000000,4.83,69.000000,49989.000000,0.14,0.048000
2482.000000,50547.000000,4.91,103.000000,48497.000000,0.21,0.053000
2474.000000,50538.000000,4.90,107.000000,50027.000000,0.21,0.053000
2401.000000,48922.000000,4.91,140.000000,46989.000000,0.30,0.065000
2467.000000,48988.000000,5.04,153.000000,47008.000000,0.33,0.057000
2616.000000,50681.000000,5.16,228.000000,48627.000000,0.47,0.058000
2431.000000,50497.000000,4.81,78.000000,48469.000000,0.16,0.050000
2397.000000,48918.000000,4.90,116.000000,46955.000000,0.25,0.058000
2512.000000,50554.000000,4.97,140.000000,48516.000000,0.29,0.055000
2680.000000,50744.000000,5.28,295.000000,50214.000000,0.59,0.062000
2359.000000,48880.000000,4.83,96.000000,46951.000000,0.20,0.053000
2537.000000,50603.000000,5.01,144.000000,48515.000000,0.30,0.052000
2432.000000,48953.000000,4.97,182.000000,47028.000000,0.39,0.058000
2546.000000,50613.000000,5.03,166.000000,48540.000000,0.34,0.051000
2421.000000,48942.000000,4.95,132.000000,46985.000000,0.28,0.051000
2611.000000,50659.000000,5.15,246.000000,48628.000000,0.51,0.058000
2452.000000,50500.000000,4.86,87.000000,49983.000000,0.17,0.050000
2415.000000,50479.000000,4.78,58.000000,48447.000000,0.12,0.052000
2242.000000,48763.000000,4.60,24.000000,46879.000000,0.05,0.045000
2429.000000,50493.000000,4.81,82.000000,48474.000000,0.17,0.050000
2226.000000,48747.000000,4.57,22.000000,46848.000000,0.05,0.048000
2406.000000,48927.000000,4.92,114.000000,46964.000000,0.24,0.048000
2252.000000,48773.000000,4.62,26.000000,46879.000000,0.06,0.080000
2352.000000,48873.000000,4.81,102.000000,46957.000000,0.22,0.054000
2348.000000,50390.000000,4.66,51.000000,48427.000000,0.11,0.044000
2366.000000,50409.000000,4.69,45.000000,48411.000000,0.09,0.051000
2792.000000,50858.000000,5.49,247.000000,50171.000000,0.49,0.093000
2277.000000,48798.000000,4.67,54.000000,46904.000000,0.12,0.069000
2360.000000,50427.000000,4.68,44.000000,49966.000000,0.09,0.050000
2453.000000,50501.000000,4.86,104.000000,48487.000000,0.21,0.061000
2354.000000,50420.000000,4.67,39.000000,48433.000000,0.08,0.044000
2307.000000,48828.000000,4.72,62.000000,46917.000000,0.13,0.051000
2487.000000,50529.000000,4.92,108.000000,48484.000000,0.22,0.074000
2401.000000,50468.000000,4.76,65.000000,48467.000000,0.13,0.053000
2333.000000,50375.000000,4.63,35.000000,48410.000000,0.07,0.047000
2295.000000,48816.000000,4.70,49.000000,46904.000000,0.10,0.044000
2280.000000,48801.000000,4.67,43.000000,46898.000000,0.09,0.042000
2269.000000,48790.000000,4.65,47.000000,46902.000000,0.10,0.053000
2346.000000,48867.000000,4.80,61.000000,46916.000000,0.13,0.108000
2319.000000,48840.000000,4.75,69.000000,46918.000000,0.15,0.052000
2242.000000,48763.000000,4.60,24.000000,46879.000000,0.05,0.042000
2390.000000,50457.000000,4.74,52.000000,48453.000000,0.11,0.050000
2329.000000,50371.000000,4.62,33.000000,48409.000000,0.07,0.049000
2247.000000,48768.000000,4.61,35.000000,46891.000000,0.07,0.050000
2269.000000,48790.000000,4.65,32.000000,46887.000000,0.07,0.050000
2304.000000,48825.000000,4.72,61.000000,46915.000000,0.13,0.051000
2377.000000,50424.000000,4.71,45.000000,48426.000000,0.09,0.053000
2433.000000,50475.000000,4.82,81.000000,48457.000000,0.17,0.058000
2328.000000,48849.000000,4.77,73.000000,46926.000000,0.16,0.057000
2488.000000,49009.000000,5.08,262.000000,47116.000000,0.56,0.065000
2357.000000,50399.000000,4.68,47.000000,48422.000000,0.10,0.057000
2307.000000,48828.000000,4.72,44.000000,46893.000000,0.09,0.050000
2393.000000,50435.000000,4.74,62.000000,48427.000000,0.13,0.053000
2594.000000,50658.000000,5.12,143.000000,48536.000000,0.29,0.072000
2674.000000,50721.000000,5.27,270.000000,48655.000000,0.55,0.064000
2438.000000,48959.000000,4.98,140.000000,46990.000000,0.30,0.062000
2646.000000,50711.000000,5.22,246.000000,48634.000000,0.51,0.058000
2409.000000,50475.000000,4.77,52.000000,49973.000000,0.10,0.054000
2262.000000,48783.000000,4.64,39.000000,46894.000000,0.08,0.048000
2469.000000,48990.000000,5.04,157.000000,47011.000000,0.33,0.057000
2301.000000,48822.000000,4.71,53.000000,46907.000000,0.11,0.051000
2401.000000,50467.000000,4.76,44.000000,48444.000000,0.09,0.049000
2638.000000,50702.000000,5.20,190.000000,48588.000000,0.39,0.057000
2451.000000,50515.000000,4.85,70.000000,49978.000000,0.14,0.054000
2352.000000,48873.000000,4.81,94.000000,46950.000000,0.20,0.055000
2959.000000,51024.000000,5.80,320.000000,50228.000000,0.64,0.106000
2595.000000,50660.000000,5.12,175.000000,50079.000000,0.35,0.058000
2585.000000,50650.000000,5.10,170.000000,50089.000000,0.34,0.056000
2607.000000,50673.000000,5.14,192.000000,50113.000000,0.38,0.062000
2607.000000,50674.000000,5.14,193.000000,50114.000000,0.39,0.060000
2614.000000,50680.000000,5.16,163.000000,48562.000000,0.34,0.059000
2631.000000,50698.000000,5.19,181.000000,50103.000000,0.36,0.059000
2514.000000,49035.000000,5.13,175.000000,47021.000000,0.37,0.116000
2647.000000,50712.000000,5.22,219.000000,50111.000000,0.44,0.060000
2490.000000,49011.000000,5.08,178.000000,47032.000000,0.38,0.051000
2523.000000,50565.000000,4.99,139.000000,50036.000000,0.28,0.059000
2578.000000,50627.000000,5.09,183.000000,48566.000000,0.38,0.064000
2468.000000,48989.000000,5.04,144.000000,46993.000000,0.31,0.055000
2610.000000,50677.000000,5.15,188.000000,48580.000000,0.39,0.060000
2537.000000,50579.000000,5.02,158.000000,48533.000000,0.33,0.056000
2412.000000,48933.000000,4.93,114.000000,46964.000000,0.24,0.060000
2290.000000,48811.000000,4.69,53.000000,46908.000000,0.11,0.055000
2544.000000,50610.000000,5.03,137.000000,48537.000000,0.28,0.065000
2435.000000,50499.000000,4.82,75.000000,49983.000000,0.15,0.054000
2323.000000,48844.000000,4.76,70.000000,46925.000000,0.15,0.053000
2424.000000,50488.000000,4.80,69.000000,48468.000000,0.14,0.052000
2538.000000,50603.000000,5.02,130.000000,50034.000000,0.26,0.055000
2510.000000,50557.000000,4.96,119.000000,48499.000000,0.25,0.055000
2523.000000,50591.000000,4.99,102.000000,50024.000000,0.20,0.056000
2301.000000,48822.000000,4.71,57.000000,46913.000000,0.12,0.044000
2490.000000,50555.000000,4.93,103.000000,48491.000000,0.21,0.050000
2355.000000,48876.000000,4.82,93.000000,46947.000000,0.20,0.062000
2459.000000,50501.000000,4.87,91.000000,48468.000000,0.19,0.052000
2503.000000,50570.000000,4.95,109.000000,48510.000000,0.22,0.055000
2489.000000,50554.000000,4.92,100.000000,50014.000000,0.20,0.053000
2559.000000,50626.000000,5.05,158.000000,50079.000000,0.32,0.049000
2471.000000,50513.000000,4.89,115.000000,48490.000000,0.24,0.046000
2421.000000,50487.000000,4.80,61.000000,48461.000000,0.13,0.055000
2459.000000,50501.000000,4.87,94.000000,49972.000000,0.19,0.084000
2464.000000,50507.000000,4.88,91.000000,49994.000000,0.18,0.053000
2558.000000,50625.000000,5.05,97.000000,48497.000000,0.20,0.047000
2320.000000,48841.000000,4.75,67.000000,46922.000000,0.14,0.050000
2420.000000,50462.000000,4.80,74.000000,48450.000000,0.15,0.055000
2422.000000,50489.000000,4.80,72.000000,48473.000000,0.15,0.052000
2483.000000,49004.000000,5.07,191.000000,47046.000000,0.41,0.060000
2534.000000,50577.000000,5.01,128.000000,50021.000000,0.26,0.053000
2482.000000,50546.000000,4.91,103.000000,48495.000000,0.21,0.046000
2492.000000,50558.000000,4.93,98.000000,48489.000000,0.20,0.050000
2370.000000,48891.000000,4.85,91.000000,46935.000000,0.19,0.062000
2467.000000,50509.000000,4.88,78.000000,48448.000000,0.16,0.059000
2381.000000,48902.000000,4.87,117.000000,46961.000000,0.25,0.053000
2360.000000,48881.000000,4.83,85.000000,46940.000000,0.18,0.055000
2469.000000,50534.000000,4.89,83.000000,48482.000000,0.17,0.055000
2474.000000,50538.000000,4.90,97.000000,50005.000000,0.19,0.047000
2471.000000,50538.000000,4.89,104.000000,50026.000000,0.21,0.058000
2439.000000,48960.000000,4.98,126.000000,46985.000000,0.27,0.139000
2663.000000,50710.000000,5.25,210.000000,48591.000000,0.43,0.072000
2573.000000,50639.000000,5.08,156.000000,50083.000000,0.31,0.049000
2472.000000,50514.000000,4.89,108.000000,49994.000000,0.22,0.055000
2589.000000,50633.000000,5.11,131.000000,48510.000000,0.27,0.070000
2437.000000,48958.000000,4.98,129.000000,46984.000000,0.27,0.062000
2503.000000,50568.000000,4.95,111.000000,48505.000000,0.23,0.052000
2401.000000,50466.000000,4.76,65.000000,49985.000000,0.13,0.047000
2498.000000,50564.000000,4.94,104.000000,48495.000000,0.21,0.051000
2344.000000,48861.000000,4.80,84.000000,46939.000000,0.18,0.047000
2537.000000,50581.000000,5.02,145.000000,48523.000000,0.30,0.054000
2530.000000,50572.000000,5.00,136.000000,48499.000000,0.28,0.080000
2466.000000,50524.000000,4.88,89.000000,50000.000000,0.18,0.054000
2486.000000,50528.000000,4.92,101.000000,49969.000000,0.20,0.047000
2493.000000,50559.000000,4.93,106.000000,50018.000000,0.21,0.045000
2542.000000,50590.000000,5.02,133.000000,48515.000000,0.27,0.054000
2362.000000,48883.000000,4.83,98.000000,46952.000000,0.21,0.055000
2416.000000,50458.000000,4.79,64.000000,48440.000000,0.13,0.054000
2521.000000,50586.000000,4.98,116.000000,50031.000000,0.23,0.051000
2503.000000,50567.000000,4.95,110.000000,48503.000000,0.23,0.054000
2504.000000,50551.000000,4.95,119.000000,48494.000000,0.25,0.096000
2926.000000,50968.000000,5.74,481.000000,48851.000000,0.98,0.094000
2629.000000,50695.000000,5.19,190.000000,50111.000000,0.38,0.062000
2548.000000,50615.000000,5.03,137.000000,50059.000000,0.27,0.055000
4849.000000,70194.000000,6.91,760.000000,66420.000000,1.14,0.196000
2214.000000,48735.000000,4.54,47.000000,46906.000000,0.10,0.047000
2497.000000,50562.000000,4.94,105.000000,48491.000000,0.22,0.054000
2495.000000,50560.000000,4.93,112.000000,50033.000000,0.22,0.055000
2457.000000,50499.000000,4.87,90.000000,48466.000000,0.19,0.052000
2510.000000,50552.000000,4.97,138.000000,50036.000000,0.28,0.057000
2393.000000,48914.000000,4.89,88.000000,46943.000000,0.19,0.052000
2366.000000,48887.000000,4.84,90.000000,46934.000000,0.19,0.052000
2654.000000,49175.000000,5.40,257.000000,47111.000000,0.55,0.072000
2630.000000,50697.000000,5.19,192.000000,50114.000000,0.38,0.067000
2502.000000,50544.000000,4.95,100.000000,48476.000000,0.21,0.055000
2703.000000,50767.000000,5.32,244.000000,50157.000000,0.49,0.061000
2783.000000,50825.000000,5.48,318.000000,48688.000000,0.65,0.076000
2513.000000,50577.000000,4.97,114.000000,48511.000000,0.23,0.059000
2475.000000,48996.000000,5.05,142.000000,46997.000000,0.30,0.062000
2721.000000,50787.000000,5.36,255.000000,48655.000000,0.52,0.060000
2460.000000,50525.000000,4.87,72.000000,48462.000000,0.15,0.054000
2719.000000,50761.000000,5.36,267.000000,48643.000000,0.55,0.058000
2711.000000,50776.000000,5.34,242.000000,50161.000000,0.48,0.061000
2614.000000,50662.000000,5.16,180.000000,50089.000000,0.36,0.050000
2469.000000,50511.000000,4.89,101.000000,48477.000000,0.21,0.050000
2445.000000,48966.000000,4.99,126.000000,46981.000000,0.27,0.053000
2519.000000,50584.000000,4.98,110.000000,50014.000000,0.22,0.053000
2523.000000,50565.000000,4.99,128.000000,48504.000000,0.26,0.059000
2436.000000,48957.000000,4.98,128.000000,46982.000000,0.27,0.060000
2517.000000,50559.000000,4.98,124.000000,50021.000000,0.25,0.057000
2482.000000,50547.000000,4.91,89.000000,48487.000000,0.18,0.052000
2608.000000,50650.000000,5.15,184.000000,50081.000000,0.37,0.062000
2437.000000,48958.000000,4.98,117.000000,46972.000000,0.25,0.062000
2574.000000,50639.000000,5.08,140.000000,48539.000000,0.29,0.056000
2774.000000,50840.000000,5.46,180.000000,48581.000000,0.37,0.063000
2416.000000,48937.000000,4.94,111.000000,46966.000000,0.24,0.050000
2420.000000,48937.000000,4.95,116.000000,46971.000000,0.25,0.058000
2444.000000,50492.000000,4.84,86.000000,49995.000000,0.17,0.059000
2426.000000,50493.000000,4.80,73.000000,49990.000000,0.15,0.049000
2456.000000,48977.000000,5.01,153.000000,47007.000000,0.33,0.056000
2513.000000,50580.000000,4.97,118.000000,48520.000000,0.24,0.052000
2372.000000,48893.000000,4.85,87.000000,46945.000000,0.19,0.054000
2522.000000,50564.000000,4.99,113.000000,50014.000000,0.23,0.059000
2654.000000,50719.000000,5.23,198.000000,50117.000000,0.40,0.055000
2500.000000,50567.000000,4.94,84.000000,48485.000000,0.17,0.059000
2565.000000,50629.000000,5.07,129.000000,48528.000000,0.27,0.052000
2508.000000,50546.000000,4.96,133.000000,48504.000000,0.27,0.056000
2621.000000,50685.000000,5.17,200.000000,48598.000000,0.41,0.082000
2624.000000,50689.000000,5.18,124.000000,50045.000000,0.25,0.059000
2545.000000,50609.000000,5.03,119.000000,48504.000000,0.25,0.056000
2415.000000,48936.000000,4.94,103.000000,46947.000000,0.22,0.059000
2571.000000,50619.000000,5.08,169.000000,48550.000000,0.35,0.063000
2381.000000,48902.000000,4.87,85.000000,46940.000000,0.18,0.076000
2654.000000,50719.000000,5.23,210.000000,48613.000000,0.43,0.053000
2370.000000,50412.000000,4.70,93.000000,49961.000000,0.19,0.050000
2377.000000,48898.000000,4.86,81.000000,46935.000000,0.17,0.056000
2540.000000,50582.000000,5.02,131.000000,48506.000000,0.27,0.098000
2513.000000,50594.000000,4.97,118.000000,50041.000000,0.24,0.060000
2333.000000,50400.000000,4.63,50.000000,49972.000000,0.10,0.051000
2615.000000,50682.000000,5.16,186.000000,48587.000000,0.38,0.059000
2483.000000,50550.000000,4.91,115.000000,50032.000000,0.23,0.055000
2591.000000,50653.000000,5.12,162.000000,48561.000000,0.33,0.059000
2341.000000,50407.000000,4.64,37.000000,48437.000000,0.08,0.053000
2649.000000,50691.000000,5.23,193.000000,48569.000000,0.40,0.061000
2681.000000,50748.000000,5.28,244.000000,50150.000000,0.49,0.054000
2738.000000,50803.000000,5.39,281.000000,48679.000000,0.58,0.069000
2601.000000,50667.000000,5.13,171.000000,48575.000000,0.35,0.066000
2391.000000,48912.000000,4.89,91.000000,46947.000000,0.19,0.055000
2625.000000,50690.000000,5.18,140.000000,48530.000000,0.29,0.070000
2464.000000,50512.000000,4.88,93.000000,50003.000000,0.19,0.054000
2559.000000,50601.000000,5.06,153.000000,50049.000000,0.31,0.058000
2679.000000,50721.000000,5.28,229.000000,50125.000000,0.46,0.064000
2521.000000,49042.000000,5.14,193.000000,47043.000000,0.41,0.063000
2596.000000,50661.000000,5.12,180.000000,48579.000000,0.37,0.055000
2573.000000,50638.000000,5.08,184.000000,48574.000000,0.38,0.051000
2808.000000,50872.000000,5.52,391.000000,48784.000000,0.80,0.065000
2845.000000,49366.000000,5.76,565.000000,47420.000000,1.19,0.066000
2543.000000,49064.000000,5.18,237.000000,47092.000000,0.50,0.059000
2457.000000,50521.000000,4.86,92.000000,50000.000000,0.18,0.058000
2569.000000,50617.000000,5.08,166.000000,48547.000000,0.34,0.051000
2503.000000,49024.000000,5.11,158.000000,47012.000000,0.34,0.068000
2616.000000,50681.000000,5.16,162.000000,48559.000000,0.33,0.059000
2382.000000,50447.000000,4.72,57.000000,49976.000000,0.11,0.055000
2575.000000,50641.000000,5.08,142.000000,48542.000000,0.29,0.075000
2592.000000,49113.000000,5.28,225.000000,47081.000000,0.48,0.068000
2750.000000,50792.000000,5.41,168.000000,48545.000000,0.35,0.117000
2359.000000,48880.000000,4.83,111.000000,46965.000000,0.24,0.054000
2601.000000,50665.000000,5.13,177.000000,50095.000000,0.35,0.072000
2588.000000,50652.000000,5.11,135.000000,50054.000000,0.27,0.053000
2926.000000,50991.000000,5.74,416.000000,48814.000000,0.85,0.094000
2781.000000,50823.000000,5.47,296.000000,50187.000000,0.59,0.063000
2680.000000,50722.000000,5.28,214.000000,50110.000000,0.43,0.060000
2609.000000,50653.000000,5.15,184.000000,48546.000000,0.38,0.055000
2390.000000,50432.000000,4.74,95.000000,49999.000000,0.19,0.051000
2712.000000,50755.000000,5.34,235.000000,48612.000000,0.48,0.063000
2817.000000,50883.000000,5.54,285.000000,48685.000000,0.59,0.063000
2425.000000,50492.000000,4.80,91.000000,48491.000000,0.19,0.053000
2442.000000,48963.000000,4.99,125.000000,46980.000000,0.27,0.058000
2644.000000,50693.000000,5.22,200.000000,50105.000000,0.40,0.060000
2511.000000,50576.000000,4.96,190.000000,48589.000000,0.39,0.059000
2649.000000,50715.000000,5.22,193.000000,48591.000000,0.40,0.061000
2703.000000,50767.000000,5.32,214.000000,50134.000000,0.43,0.062000
2371.000000,50436.000000,4.70,62.000000,48461.000000,0.13,0.052000
2544.000000,50593.000000,5.03,148.000000,48531.000000,0.30,0.060000
2666.000000,50731.000000,5.26,208.000000,48598.000000,0.43,0.061000
2503.000000,49024.000000,5.11,153.000000,47007.000000,0.33,0.059000
2439.000000,50521.000000,4.83,140.000000,50077.000000,0.28,0.052000
2274.000000,48793.000000,4.66,74.000000,46923.000000,0.16,0.050000
2389.000000,50431.000000,4.74,110.000000,50001.000000,0.22,0.051000
3580.000000,51622.000000,6.94,612.000000,48970.000000,1.25,0.120000
2501.000000,49022.000000,5.10,188.000000,47042.000000,0.40,0.060000
2488.000000,50553.000000,4.92,98.000000,50023.000000,0.20,0.058000
2545.000000,50589.000000,5.03,109.000000,48481.000000,0.22,0.054000
2744.000000,49265.000000,5.57,461.000000,47315.000000,0.97,0.065000
2497.000000,49018.000000,5.09,157.000000,47011.000000,0.33,0.058000
2570.000000,50636.000000,5.08,146.000000,50056.000000,0.29,0.058000
2410.000000,48931.000000,4.93,259.000000,47112.000000,0.55,0.056000
2560.000000,50603.000000,5.06,157.000000,50061.000000,0.31,0.059000
2619.000000,50662.000000,5.17,193.000000,50090.000000,0.39,0.059000
2653.000000,50719.000000,5.23,196.000000,50118.000000,0.39,0.061000
2582.000000,50642.000000,5.10,170.000000,48563.000000,0.35,0.053000
2507.000000,50572.000000,4.96,258.000000,50178.000000,0.51,0.058000
2380.000000,50422.000000,4.72,33.000000,48410.000000,0.07,0.052000
2362.000000,50428.000000,4.68,66.000000,48460.000000,0.14,0.051000
2785.000000,50851.000000,5.48,263.000000,48663.000000,0.54,0.060000
2272.000000,48793.000000,4.66,47.000000,46891.000000,0.10,0.051000
2678.000000,50743.000000,5.28,210.000000,48607.000000,0.43,0.062000
2801.000000,50867.000000,5.51,293.000000,50201.000000,0.58,0.058000
2616.000000,50681.000000,5.16,177.000000,48576.000000,0.36,0.059000
2613.000000,50660.000000,5.16,154.000000,48530.000000,0.32,0.057000
2693.000000,50757.000000,5.31,218.000000,48610.000000,0.45,0.056000
2665.000000,50730.000000,5.25,183.000000,50103.000000,0.37,0.059000
2762.000000,50810.000000,5.44,261.000000,48643.000000,0.54,0.070000
2745.000000,50787.000000,5.40,248.000000,48611.000000,0.51,0.059000
2693.000000,50757.000000,5.31,217.000000,48604.000000,0.45,0.059000
2594.000000,50660.000000,5.12,150.000000,50066.000000,0.30,0.094000
2401.000000,50467.000000,4.76,82.000000,48483.000000,0.17,0.052000
3091.000000,51134.000000,6.04,337.000000,50205.000000,0.67,0.136000
2423.000000,50489.000000,4.80,122.000000,50042.000000,0.24,0.057000
2638.000000,50703.000000,5.20,172.000000,48570.000000,0.35,0.061000
2747.000000,50811.000000,5.41,256.000000,50176.000000,0.51,0.061000
2386.000000,50451.000000,4.73,105.000000,48504.000000,0.22,0.051000
2407.000000,50449.000000,4.77,126.000000,50023.000000,0.25,0.053000
2737.000000,50802.000000,5.39,245.000000,48644.000000,0.50,0.061000
2511.000000,49032.000000,5.12,178.000000,47033.000000,0.38,0.061000
2297.000000,48818.000000,4.71,92.000000,46945.000000,0.20,0.054000
3202.000000,51244.000000,6.25,389.000000,48756.000000,0.80,0.268000
2549.000000,50615.000000,5.04,199.000000,48594.000000,0.41,0.058000
2689.000000,50731.000000,5.30,214.000000,48574.000000,0.44,0.063000
2412.000000,50477.000000,4.78,139.000000,48537.000000,0.29,0.052000
2571.000000,50635.000000,5.08,206.000000,48603.000000,0.42,0.059000
2812.000000,50879.000000,5.53,214.000000,48614.000000,0.44,0.064000
2437.000000,50502.000000,4.83,98.000000,50018.000000,0.20,0.052000
2642.000000,50707.000000,5.21,189.000000,48582.000000,0.39,0.057000
2481.000000,50548.000000,4.91,125.000000,48515.000000,0.26,0.055000
2321.000000,48842.000000,4.75,139.000000,46994.000000,0.30,0.056000
2812.000000,50878.000000,5.53,318.000000,50239.000000,0.63,0.065000
2569.000000,49090.000000,5.23,197.000000,47047.000000,0.42,0.060000
2723.000000,50787.000000,5.36,250.000000,48648.000000,0.51,0.052000
2541.000000,50606.000000,5.02,340.000000,48726.000000,0.70,0.080000
2596.000000,50662.000000,5.12,146.000000,48537.000000,0.30,0.061000
2375.000000,50419.000000,4.71,105.000000,48483.000000,0.22,0.105000
2392.000000,48913.000000,4.89,161.000000,46997.000000,0.34,0.054000
2572.000000,49093.000000,5.24,193.000000,47048.000000,0.41,0.058000
2431.000000,50473.000000,4.82,203.000000,48579.000000,0.42,0.060000
2444.000000,50510.000000,4.84,65.000000,48465.000000,0.13,0.052000
2414.000000,48935.000000,4.93,198.000000,47051.000000,0.42,0.057000
2526.000000,49047.000000,5.15,141.000000,46996.000000,0.30,0.060000
2433.000000,50498.000000,4.82,131.000000,50057.000000,0.26,0.051000
2721.000000,50763.000000,5.36,209.000000,48574.000000,0.43,0.103000
2655.000000,49176.000000,5.40,268.000000,47123.000000,0.57,0.063000
2427.000000,48948.000000,4.96,153.000000,46993.000000,0.33,0.054000
2426.000000,50468.000000,4.81,111.000000,48487.000000,0.23,0.049000
2814.000000,50878.000000,5.53,248.000000,50166.000000,0.49,0.074000
2884.000000,51447.000000,5.61,209.000000,49105.000000,0.43,0.105000
2696.000000,50761.000000,5.31,227.000000,48626.000000,0.47,0.061000
2537.000000,50604.000000,5.01,105.000000,50026.000000,0.21,0.057000
2714.000000,50780.000000,5.34,242.000000,50164.000000,0.48,0.053000
2711.000000,49232.000000,5.51,303.000000,47153.000000,0.64,0.064000
2453.000000,50495.000000,4.86,136.000000,48512.000000,0.28,0.056000
2591.000000,49112.000000,5.28,197.000000,47043.000000,0.42,0.059000
2390.000000,50455.000000,4.74,112.000000,48512.000000,0.23,0.052000
2878.000000,50942.000000,5.65,350.000000,50269.000000,0.70,0.058000
2696.000000,50761.000000,5.31,191.000000,48590.000000,0.39,0.100000
2711.000000,50777.000000,5.34,210.000000,50131.000000,0.42,0.058000
2365.000000,48886.000000,4.84,104.000000,46959.000000,0.22,0.055000
2669.000000,49190.000000,5.43,238.000000,47094.000000,0.51,0.058000
2678.000000,49199.000000,5.44,267.000000,47122.000000,0.57,0.056000
2722.000000,50805.000000,5.36,245.000000,50174.000000,0.49,0.062000
2388.000000,48909.000000,4.88,213.000000,47067.000000,0.45,0.054000
2659.000000,50708.000000,5.24,190.000000,50101.000000,0.38,0.066000
2322.000000,48843.000000,4.75,90.000000,46929.000000,0.19,0.052000
2759.000000,50806.000000,5.43,274.000000,48653.000000,0.56,0.073000
2812.000000,50859.000000,5.53,319.000000,48701.000000,0.66,0.060000
2692.000000,50758.000000,5.30,217.000000,48617.000000,0.45,0.054000
2454.000000,50520.000000,4.86,137.000000,48536.000000,0.28,0.055000
2497.000000,50564.000000,4.94,164.000000,48556.000000,0.34,0.054000
2397.000000,48918.000000,4.90,145.000000,46995.000000,0.31,0.056000
2483.000000,50549.000000,4.91,117.000000,50039.000000,0.23,0.056000
2695.000000,49216.000000,5.48,270.000000,47124.000000,0.57,0.056000
2757.000000,50799.000000,5.43,269.000000,48645.000000,0.55,0.059000
2723.000000,49244.000000,5.53,287.000000,47143.000000,0.61,0.062000
2689.000000,50731.000000,5.30,202.000000,48578.000000,0.42,0.056000
2754.000000,50796.000000,5.42,258.000000,48629.000000,0.53,0.061000
2709.000000,50774.000000,5.34,214.000000,48613.000000,0.44,0.060000
2595.000000,50637.000000,5.12,276.000000,48651.000000,0.57,0.059000
2417.000000,48938.000000,4.94,166.000000,47006.000000,0.35,0.053000
2475.000000,50517.000000,4.90,166.000000,48543.000000,0.34,0.049000
2781.000000,50847.000000,5.47,260.000000,50176.000000,0.52,0.062000
2418.000000,50462.000000,4.79,121.000000,48499.000000,0.25,0.050000
2799.000000,50841.000000,5.51,302.000000,48677.000000,0.62,0.066000
2887.000000,50951.000000,5.67,339.000000,48736.000000,0.70,0.063000
2665.000000,50732.000000,5.25,145.000000,50038.000000,0.29,0.055000
2862.000000,50927.000000,5.62,356.000000,50276.000000,0.71,0.061000
2846.000000,50888.000000,5.59,360.000000,48737.000000,0.74,0.068000
2422.000000,48943.000000,4.95,207.000000,47061.000000,0.44,0.057000
2657.000000,49178.000000,5.40,235.000000,47091.000000,0.50,0.058000
2675.000000,50742.000000,5.27,185.000000,48577.000000,0.38,0.061000
2450.000000,50516.000000,4.85,112.000000,50033.000000,0.22,0.054000
3001.000000,51067.000000,5.88,353.000000,48748.000000,0.72,0.126000
2508.000000,49029.000000,5.12,245.000000,47099.000000,0.52,0.058000
2558.000000,50600.000000,5.06,217.000000,50119.000000,0.43,0.059000
2934.000000,50976.000000,5.76,311.000000,48681.000000,0.64,0.066000
2596.000000,50638.000000,5.13,358.000000,48733.000000,0.73,0.067000
2449.000000,48970.000000,5.00,180.000000,47035.000000,0.38,0.057000
2596.000000,50661.000000,5.12,253.000000,50167.000000,0.50,0.055000
2557.000000,50622.000000,5.05,131.000000,50051.000000,0.26,0.058000
2402.000000,48923.000000,4.91,123.000000,46976.000000,0.26,0.053000
2630.000000,50697.000000,5.19,410.000000,48800.000000,0.84,0.094000
2709.000000,49230.000000,5.50,300.000000,47155.000000,0.64,0.066000
2873.000000,50917.000000,5.64,352.000000,48734.000000,0.72,0.061000
2729.000000,50771.000000,5.38,258.000000,48629.000000,0.53,0.059000
2732.000000,50774.000000,5.38,257.000000,50148.000000,0.51,0.055000
2498.000000,50540.000000,4.94,211.000000,50109.000000,0.42,0.056000
2484.000000,50526.000000,4.92,140.000000,48516.000000,0.29,0.053000
2378.000000,48899.000000,4.86,178.000000,47017.000000,0.38,0.053000
2711.000000,50776.000000,5.34,221.000000,48620.000000,0.45,0.060000
3068.000000,51134.000000,6.00,482.000000,50398.000000,0.96,0.093000
2447.000000,50514.000000,4.84,120.000000,48521.000000,0.25,0.062000
2491.000000,50556.000000,4.93,164.000000,48552.000000,0.34,0.053000
2577.000000,50621.000000,5.09,251.000000,48623.000000,0.52,0.051000
2464.000000,50529.000000,4.88,181.000000,50102.000000,0.36,0.053000
2757.000000,49278.000000,5.59,317.000000,47167.000000,0.67,0.094000
2453.000000,48974.000000,5.01,259.000000,47105.000000,0.55,0.058000
2427.000000,48948.000000,4.96,210.000000,47065.000000,0.45,0.056000
2598.000000,50640.000000,5.13,240.000000,48616.000000,0.49,0.052000
2770.000000,50836.000000,5.45,246.000000,50167.000000,0.49,0.062000
2535.000000,50577.000000,5.01,230.000000,50116.000000,0.46,0.057000
2730.000000,50797.000000,5.37,258.000000,48659.000000,0.53,0.063000
2416.000000,50459.000000,4.79,140.000000,48512.000000,0.29,0.054000
2515.000000,50579.000000,4.97,148.000000,50068.000000,0.30,0.054000
3241.000000,51309.000000,6.32,506.000000,48880.000000,1.04,0.155000
2706.000000,49227.000000,5.50,295.000000,47149.000000,0.63,0.064000
2801.000000,50868.000000,5.51,257.000000,48657.000000,0.53,0.057000
2788.000000,49309.000000,5.65,336.000000,47190.000000,0.71,0.059000
2654.000000,49175.000000,5.40,251.000000,47107.000000,0.53,0.055000
2603.000000,50668.000000,5.14,265.000000,48664.000000,0.54,0.079000
2435.000000,48956.000000,4.97,198.000000,47053.000000,0.42,0.057000
2752.000000,50794.000000,5.42,266.000000,48642.000000,0.55,0.061000
2552.000000,50594.000000,5.04,269.000000,50150.000000,0.54,0.054000
2633.000000,50699.000000,5.19,287.000000,50207.000000,0.57,0.100000
2549.000000,50614.000000,5.04,250.000000,50169.000000,0.50,0.059000
2814.000000,50881.000000,5.53,303.000000,48704.000000,0.62,0.062000
2782.000000,50847.000000,5.47,262.000000,50182.000000,0.52,0.056000
2785.000000,50850.000000,5.48,288.000000,48681.000000,0.59,0.072000
2807.000000,50849.000000,5.52,307.000000,50209.000000,0.61,0.061000
2566.000000,50631.000000,5.07,237.000000,50151.000000,0.47,0.054000
2912.000000,50976.000000,5.71,358.000000,50278.000000,0.71,0.063000
3167.000000,49688.000000,6.37,692.000000,47546.000000,1.46,0.072000
2675.000000,49196.000000,5.44,260.000000,47115.000000,0.55,0.062000
2518.000000,50560.000000,4.98,227.000000,48603.000000,0.47,0.056000
2521.000000,50563.000000,4.99,232.000000,48609.000000,0.48,0.052000
2580.000000,50646.000000,5.09,256.000000,50177.000000,0.51,0.056000
2864.000000,50906.000000,5.63,362.000000,48736.000000,0.74,0.066000
2507.000000,50551.000000,4.96,206.000000,48584.000000,0.42,0.056000
2755.000000,50797.000000,5.42,261.000000,48621.000000,0.54,0.061000
2589.000000,50653.000000,5.11,240.000000,48637.000000,0.49,0.056000
2627.000000,50692.000000,5.18,323.000000,50243.000000,0.64,0.062000
2498.000000,50540.000000,4.94,283.000000,48654.000000,0.58,0.062000
2585.000000,50627.000000,5.11,218.000000,50113.000000,0.44,0.059000
2647.000000,50713.000000,5.22,254.000000,48654.000000,0.52,0.064000
2613.000000,50679.000000,5.16,350.000000,48741.000000,0.72,0.060000
2678.000000,50720.000000,5.28,256.000000,48633.000000,0.53,0.062000
2948.000000,50990.000000,5.78,387.000000,48752.000000,0.79,0.065000
2742.000000,49263.000000,5.57,322.000000,47176.000000,0.68,0.065000
2966.000000,51006.000000,5.82,410.000000,48774.000000,0.84,0.101000
2678.000000,50742.000000,5.28,386.000000,50306.000000,0.77,0.079000
2600.000000,50647.000000,5.13,234.000000,50125.000000,0.47,0.059000
2582.000000,50624.000000,5.10,234.000000,50136.000000,0.47,0.060000
3690.000000,51754.000000,7.13,702.000000,50621.000000,1.39,0.135000
2847.000000,49368.000000,5.77,397.000000,47251.000000,0.84,0.063000
2862.000000,49383.000000,5.80,388.000000,47242.000000,0.82,0.060000
2795.000000,50859.000000,5.50,381.000000,50299.000000,0.76,0.068000
2473.000000,48994.000000,5.05,355.000000,47194.000000,0.75,0.055000
2765.000000,50830.000000,5.44,489.000000,50410.000000,0.97,0.066000
2657.000000,50722.000000,5.24,411.000000,48809.000000,0.84,0.059000
2709.000000,50775.000000,5.34,358.000000,48758.000000,0.73,0.061000
2688.000000,49209.000000,5.46,351.000000,47206.000000,0.74,0.063000
3452.000000,49973.000000,6.91,619.000000,47445.000000,1.30,0.155000
2675.000000,50740.000000,5.27,279.000000,50190.000000,0.56,0.063000
2559.000000,49080.000000,5.21,317.000000,47170.000000,0.67,0.056000
2857.000000,49378.000000,5.79,461.000000,47316.000000,0.97,0.065000
3130.000000,51197.000000,6.11,539.000000,50460.000000,1.07,0.075000
2738.000000,50803.000000,5.39,395.000000,50316.000000,0.79,0.089000
2565.000000,49086.000000,5.23,343.000000,47196.000000,0.73,0.060000
2643.000000,49164.000000,5.38,486.000000,47340.000000,1.03,0.060000
3199.000000,51241.000000,6.24,572.000000,48946.000000,1.17,0.072000
2847.000000,50912.000000,5.59,427.000000,48815.000000,0.87,0.068000
2723.000000,50765.000000,5.36,491.000000,50388.000000,0.97,0.058000
2902.000000,50967.000000,5.69,366.000000,48765.000000,0.75,0.066000
2808.000000,50850.000000,5.52,432.000000,48795.000000,0.89,0.067000
2889.000000,50936.000000,5.67,451.000000,48816.000000,0.92,0.096000
3042.000000,51106.000000,5.95,467.000000,48859.000000,0.96,0.064000
3072.000000,51114.000000,6.01,528.000000,48904.000000,1.08,0.070000
2635.000000,49156.000000,5.36,454.000000,47310.000000,0.96,0.066000
2670.000000,50735.000000,5.26,439.000000,48838.000000,0.90,0.059000
2682.000000,50748.000000,5.28,321.000000,50242.000000,0.64,0.062000
3429.000000,51467.000000,6.66,595.000000,50477.000000,1.18,0.108000
2746.000000,49267.000000,5.57,642.000000,47497.000000,1.35,0.075000
3012.000000,51076.000000,5.90,481.000000,50400.000000,0.95,0.065000
2659.000000,50724.000000,5.24,363.000000,48761.000000,0.74,0.061000
2721.000000,49242.000000,5.53,585.000000,47424.000000,1.23,0.071000
3219.000000,49740.000000,6.47,698.000000,47537.000000,1.47,0.152000
2927.000000,49448.000000,5.92,676.000000,47531.000000,1.42,0.172000
2761.000000,50826.000000,5.43,603.000000,48996.000000,1.23,0.073000
2791.000000,50856.000000,5.49,431.000000,48819.000000,0.88,0.076000
3518.000000,51583.000000,6.82,640.000000,50560.000000,1.27,0.106000
2957.000000,49478.000000,5.98,515.000000,47361.000000,1.09,0.072000
3238.000000,49759.000000,6.51,781.000000,47630.000000,1.64,0.133000
3076.000000,51118.000000,6.02,503.000000,48878.000000,1.03,0.076000
2722.000000,50789.000000,5.36,445.000000,48846.000000,0.91,0.065000
3482.000000,50003.000000,6.96,770.000000,47596.000000,1.62,0.172000
3756.000000,51821.000000,7.25,900.000000,50798.000000,1.77,0.149000
2795.000000,50862.000000,5.50,476.000000,50398.000000,0.94,0.069000
2794.000000,50861.000000,5.49,404.000000,50326.000000,0.80,0.065000
2686.000000,49207.000000,5.46,372.000000,47227.000000,0.79,0.069000
3587.000000,51653.000000,6.94,701.000000,49095.000000,1.43,0.104000
3175.000000,51241.000000,6.20,555.000000,48955.000000,1.13,0.071000
2657.000000,49178.000000,5.40,503.000000,47357.000000,1.06,0.063000
2692.000000,49213.000000,5.47,432.000000,47271.000000,0.91,0.065000
4216.000000,53581.000000,7.87,831.000000,52029.000000,1.60,0.088000
2807.000000,50874.000000,5.52,443.000000,50360.000000,0.88,0.068000
2796.000000,50840.000000,5.50,414.000000,48790.000000,0.85,0.077000
3160.000000,51226.000000,6.17,534.000000,50454.000000,1.06,0.083000
3302.000000,51367.000000,6.43,658.000000,49048.000000,1.34,0.084000
3467.000000,51509.000000,6.73,756.000000,49103.000000,1.54,0.089000
3765.000000,51830.000000,7.26,983.000000,50888.000000,1.93,0.148000
3361.000000,51403.000000,6.54,815.000000,49189.000000,1.66,0.126000
3361.000000,51422.000000,6.54,829.000000,49232.000000,1.68,0.139000
4105.000000,52169.000000,7.87,904.000000,50826.000000,1.78,0.167000
3463.000000,51505.000000,6.72,904.000000,49279.000000,1.83,0.169000
3716.000000,51781.000000,7.18,913.000000,49286.000000,1.85,0.150000
3355.000000,51397.000000,6.53,833.000000,49200.000000,1.69,0.121000
2766.000000,50808.000000,5.44,530.000000,50427.000000,1.05,0.071000
2965.000000,51030.000000,5.81,634.000000,49033.000000,1.29,0.100000
3655.000000,51697.000000,7.07,896.000000,49261.000000,1.82,0.143000
3363.000000,49884.000000,6.74,667.000000,47507.000000,1.40,0.098000
2943.000000,51008.000000,5.77,699.000000,50620.000000,1.38,0.069000
3245.000000,51283.000000,6.33,866.000000,50741.000000,1.71,0.092000
3216.000000,49737.000000,6.47,716.000000,47570.000000,1.51,0.085000
2814.000000,50862.000000,5.53,511.000000,48893.000000,1.05,0.066000
2835.000000,49356.000000,5.74,793.000000,47649.000000,1.66,0.092000
3181.000000,51247.000000,6.21,590.000000,48977.000000,1.20,0.078000
3218.000000,51260.000000,6.28,562.000000,48933.000000,1.15,0.104000
2809.000000,50851.000000,5.52,486.000000,48857.000000,0.99,0.081000
3133.000000,51180.000000,6.12,545.000000,48920.000000,1.11,0.076000
2924.000000,50989.000000,5.73,649.000000,50568.000000,1.28,0.079000
2656.000000,49177.000000,5.40,426.000000,47279.000000,0.90,0.080000
2788.000000,50853.000000,5.48,408.000000,50317.000000,0.81,0.066000
2691.000000,50773.000000,5.30,376.000000,48783.000000,0.77,0.058000
2899.000000,49420.000000,5.87,540.000000,47394.000000,1.14,0.159000
2649.000000,49170.000000,5.39,488.000000,47342.000000,1.03,0.070000
2832.000000,50897.000000,5.56,458.000000,50377.000000,0.91,0.067000
2664.000000,50730.000000,5.25,300.000000,50215.000000,0.60,0.053000
2724.000000,49245.000000,5.53,442.000000,47295.000000,0.93,0.083000
3653.000000,51693.000000,7.07,671.000000,49020.000000,1.37,0.174000
2823.000000,50888.000000,5.55,428.000000,50347.000000,0.85,0.067000
2706.000000,50748.000000,5.33,378.000000,48754.000000,0.78,0.057000
2877.000000,50944.000000,5.65,627.000000,49027.000000,1.28,0.228000
3047.000000,51089.000000,5.96,464.000000,48840.000000,0.95,0.075000
2662.000000,50726.000000,5.25,348.000000,50266.000000,0.69,0.059000
2758.000000,50800.000000,5.43,515.000000,50410.000000,1.02,0.062000
2529.000000,49050.000000,5.16,347.000000,47201.000000,0.74,0.105000
2891.000000,50956.000000,5.67,421.000000,48809.000000,0.86,0.072000
2743.000000,50808.000000,5.40,330.000000,50221.000000,0.66,0.062000
2905.000000,49426.000000,5.88,431.000000,47257.000000,0.91,0.091000
3188.000000,49709.000000,6.41,539.000000,47368.000000,1.14,0.230000
2681.000000,50748.000000,5.28,313.000000,50235.000000,0.62,0.072000
2734.000000,50776.000000,5.38,398.000000,48761.000000,0.82,0.061000
2805.000000,49326.000000,5.69,721.000000,47567.000000,1.52,0.088000
2716.000000,50781.000000,5.35,430.000000,50350.000000,0.85,0.119000
3246.000000,49767.000000,6.52,704.000000,47560.000000,1.48,0.099000
2785.000000,50850.000000,5.48,378.000000,48776.000000,0.77,0.065000
2818.000000,50860.000000,5.54,472.000000,48837.000000,0.97,0.088000
2957.000000,51023.000000,5.80,627.000000,49026.000000,1.28,0.130000
2788.000000,50854.000000,5.48,497.000000,48896.000000,1.02,0.062000
2992.000000,51057.000000,5.86,789.000000,49179.000000,1.60,0.080000
2920.000000,50962.000000,5.73,591.000000,48967.000000,1.21,0.098000
2778.000000,50820.000000,5.47,504.000000,50400.000000,1.00,0.073000
3915.000000,50436.000000,7.76,727.000000,47585.000000,1.53,0.163000
2725.000000,49246.000000,5.53,381.000000,47234.000000,0.81,0.082000
2648.000000,49169.000000,5.39,380.000000,47236.000000,0.80,0.080000
3502.000000,51566.000000,6.79,693.000000,49085.000000,1.41,0.319000
3101.000000,51143.000000,6.06,517.000000,48892.000000,1.06,0.101000
3273.000000,51315.000000,6.38,618.000000,48994.000000,1.26,0.094000
3527.000000,51592.000000,6.84,840.000000,50759.000000,1.65,0.084000
2959.000000,51001.000000,5.80,619.000000,48989.000000,1.26,0.076000
2753.000000,49274.000000,5.59,531.000000,47385.000000,1.12,0.093000
2783.000000,50848.000000,5.47,563.000000,48962.000000,1.15,0.078000
2893.000000,50958.000000,5.68,536.000000,50455.000000,1.06,0.083000
2825.000000,50890.000000,5.55,586.000000,48970.000000,1.20,0.090000
2894.000000,50941.000000,5.68,626.000000,49005.000000,1.28,0.074000
3829.000000,51876.000000,7.38,728.000000,50616.000000,1.44,0.122000
3295.000000,51360.000000,6.42,670.000000,50589.000000,1.32,0.088000
3474.000000,51539.000000,6.74,788.000000,50707.000000,1.55,0.250000
3077.000000,49598.000000,6.20,548.000000,47403.000000,1.16,0.085000
2942.000000,50984.000000,5.77,701.000000,50598.000000,1.39,0.085000
2878.000000,50943.000000,5.65,696.000000,49093.000000,1.42,0.073000
2964.000000,49485.000000,5.99,519.000000,47363.000000,1.10,0.142000
2886.000000,50933.000000,5.67,572.000000,50478.000000,1.13,0.082000
2802.000000,49324.000000,5.68,492.000000,47336.000000,1.04,0.069000
2597.000000,49118.000000,5.29,445.000000,47295.000000,0.94,0.064000
2745.000000,49266.000000,5.57,622.000000,47476.000000,1.31,0.077000
2888.000000,50953.000000,5.67,577.000000,50498.000000,1.14,0.185000
2786.000000,50853.000000,5.48,464.000000,50390.000000,0.92,0.065000
2582.000000,49103.000000,5.26,354.000000,47198.000000,0.75,0.065000
2826.000000,49347.000000,5.73,628.000000,47472.000000,1.32,0.111000
3437.000000,51479.000000,6.68,893.000000,49267.000000,1.81,0.103000
2961.000000,51026.000000,5.80,483.000000,50404.000000,0.96,0.072000
2892.000000,50959.000000,5.68,615.000000,49000.000000,1.26,0.082000
2809.000000,50873.000000,5.52,452.000000,50369.000000,0.90,0.082000
2812.000000,50877.000000,5.53,484.000000,48878.000000,0.99,0.064000
3048.000000,49569.000000,6.15,537.000000,47387.000000,1.13,0.069000
3043.000000,49564.000000,6.14,528.000000,47381.000000,1.11,0.110000
2754.000000,49275.000000,5.59,485.000000,47339.000000,1.02,0.080000
2704.000000,49225.000000,5.49,397.000000,47253.000000,0.84,0.063000
2720.000000,50767.000000,5.36,311.000000,50218.000000,0.62,0.056000
2853.000000,50918.000000,5.60,595.000000,48993.000000,1.21,0.132000
2732.000000,50797.000000,5.38,440.000000,50360.000000,0.87,0.067000
2988.000000,51055.000000,5.85,374.000000,48769.000000,0.77,0.067000
3139.000000,51204.000000,6.13,680.000000,49080.000000,1.39,0.106000
3010.000000,51052.000000,5.90,769.000000,49145.000000,1.56,0.087000
2755.000000,50797.000000,5.42,429.000000,48804.000000,0.88,0.066000
2721.000000,50786.000000,5.36,447.000000,50368.000000,0.89,0.056000
2769.000000,50811.000000,5.45,493.000000,48863.000000,1.01,0.127000
2703.000000,49224.000000,5.49,463.000000,47317.000000,0.98,0.067000
2800.000000,50842.000000,5.51,434.000000,50337.000000,0.86,0.057000
2726.000000,49247.000000,5.54,478.000000,47327.000000,1.01,0.067000
2711.000000,50755.000000,5.34,390.000000,48767.000000,0.80,0.080000
2726.000000,49247.000000,5.54,351.000000,47200.000000,0.74,0.072000
2733.000000,50798.000000,5.38,412.000000,48811.000000,0.84,0.057000
2663.000000,49184.000000,5.41,369.000000,47223.000000,0.78,0.079000
2874.000000,50939.000000,5.64,422.000000,50326.000000,0.84,0.195000
2810.000000,49331.000000,5.70,511.000000,47366.000000,1.08,0.064000
2816.000000,50882.000000,5.53,387.000000,50307.000000,0.77,0.055000
2777.000000,50819.000000,5.46,485.000000,48860.000000,0.99,0.086000
2919.000000,50983.000000,5.73,503.000000,50422.000000,1.00,0.066000
2665.000000,49186.000000,5.42,298.000000,47152.000000,0.63,0.065000
3355.000000,49877.000000,6.73,801.000000,47655.000000,1.68,0.124000
2946.000000,50988.000000,5.78,413.000000,48780.000000,0.85,0.153000
2757.000000,50821.000000,5.42,324.000000,48722.000000,0.66,0.065000
2781.000000,50823.000000,5.47,352.000000,48727.000000,0.72,0.058000
2752.000000,49273.000000,5.59,418.000000,47273.000000,0.88,0.083000
2550.000000,49071.000000,5.20,342.000000,47197.000000,0.72,0.073000
2844.000000,50910.000000,5.59,550.000000,50466.000000,1.09,0.064000
2819.000000,50866.000000,5.54,455.000000,50362.000000,0.90,0.114000
2776.000000,49297.000000,5.63,443.000000,47293.000000,0.94,0.089000
2727.000000,50769.000000,5.37,349.000000,50240.000000,0.69,0.201000
2671.000000,49192.000000,5.43,356.000000,47211.000000,0.75,0.060000
2702.000000,49223.000000,5.49,501.000000,47355.000000,1.06,0.062000
2800.000000,50866.000000,5.50,540.000000,50455.000000,1.07,0.076000
2809.000000,50875.000000,5.52,377.000000,50292.000000,0.75,0.067000
2675.000000,49196.000000,5.44,404.000000,47254.000000,0.85,0.070000
2817.000000,50859.000000,5.54,358.000000,50254.000000,0.71,0.076000
2846.000000,50911.000000,5.59,477.000000,50391.000000,0.95,0.081000
3369.000000,51411.000000,6.55,652.000000,49023.000000,1.33,0.147000
2828.000000,50894.000000,5.56,466.000000,50381.000000,0.92,0.062000
2904.000000,50968.000000,5.70,404.000000,50323.000000,0.80,0.108000
2775.000000,49296.000000,5.63,512.000000,47361.000000,1.08,0.065000
2714.000000,50756.000000,5.35,295.000000,48656.000000,0.61,0.059000
2844.000000,50909.000000,5.59,403.000000,48789.000000,0.83,0.059000
2945.000000,50987.000000,5.78,463.000000,48838.000000,0.95,0.140000
2995.000000,51037.000000,5.87,517.000000,48887.000000,1.06,0.089000
2635.000000,49156.000000,5.36,335.000000,47190.000000,0.71,0.061000
4055.000000,52122.000000,7.78,1029.000000,50942.000000,2.02,0.247000
2817.000000,50882.000000,5.54,583.000000,48982.000000,1.19,0.071000
2895.000000,50960.000000,5.68,512.000000,50432.000000,1.02,0.060000
2990.000000,49511.000000,6.04,447.000000,47275.000000,0.95,0.156000
2792.000000,50839.000000,5.49,431.000000,50339.000000,0.86,0.076000
2858.000000,50905.000000,5.61,452.000000,48827.000000,0.93,0.075000
2808.000000,50874.000000,5.52,381.000000,50297.000000,0.76,0.068000
2862.000000,50909.000000,5.62,624.000000,49000.000000,1.27,0.114000
2884.000000,50951.000000,5.66,453.000000,48852.000000,0.93,0.071000
2984.000000,49505.000000,6.03,565.000000,47411.000000,1.19,0.062000
3162.000000,51204.000000,6.18,607.000000,50504.000000,1.20,0.112000
2814.000000,50856.000000,5.53,379.000000,48755.000000,0.78,0.113000
2684.000000,49205.000000,5.45,486.000000,47335.000000,1.03,0.063000
2889.000000,50955.000000,5.67,385.000000,48783.000000,0.79,0.059000
3290.000000,49811.000000,6.60,737.000000,47590.000000,1.55,0.222000
